City_ID,City,Country,Date,Lat,Lng,Max Temp,Humidity,Cloudiness,Wind Speed
0,Kalmunai,LK,2022-02-02 22:04:21,7.4167,81.8167,74.89,74,84,3.18
1,Varnamo,SE,2022-02-02 22:04:21,57.186,14.04,27.48,94,13,4.97
2,Bilma,NE,2022-02-02 22:04:22,18.6853,12.9164,61.74,17,0,13.44
3,Ushuaia,AR,2022-02-02 22:01:00,-54.8,-68.3,46.76,59,94,6.82
4,Butaritari,KI,2022-02-02 22:03:54,3.0707,172.7902,81.73,79,29,17.83
5,Esperance,AU,2022-02-02 22:04:22,-33.8667,121.9,60.71,72,2,12.15
6,Carnarvon,AU,2022-02-02 22:04:22,-24.8667,113.6333,78.04,79,75,13.27
7,Georgetown,MY,2022-02-02 22:01:41,5.4112,100.3354,80.53,85,20,2.3
8,Uyuni,BO,2022-02-02 22:04:23,-20.4597,-66.825,57.6,49,67,3.33
9,Barrow,US,2022-02-02 22:04:23,71.2906,-156.7887,-20.18,69,0,3.44
10,Cherskiy,RU,2022-02-02 22:04:23,68.75,161.3,-14.87,65,62,0.54
11,Mataura,NZ,2022-02-02 22:04:23,-46.1927,168.8643,58.48,97,100,3.96
12,Jamestown,US,2022-02-02 22:02:05,42.097,-79.2353,40.08,63,100,1.99
13,Kodiak,US,2022-02-02 22:04:24,57.79,-152.4072,36.91,93,100,0.0
14,Mogadishu,SO,2022-02-02 22:04:24,2.0371,45.3438,77.92,86,79,20.15
15,West Wendover,US,2022-02-02 22:04:24,40.7391,-114.0733,29.32,28,46,12.8
16,Sumbe,AO,2022-02-02 22:04:24,-11.2061,13.8437,74.55,80,54,6.38
17,Port Alfred,ZA,2022-02-02 22:04:25,-33.5906,26.891,73.98,95,100,7.94
18,Castro,BR,2022-02-02 22:04:25,-24.7911,-50.0119,66.94,90,32,5.3
19,Erdenet,MN,2022-02-02 22:04:25,49.0333,104.0833,-8.61,90,14,5.01
20,Zhangye,CN,2022-02-02 22:04:26,38.9342,100.4517,20.61,37,80,4.9
21,Hobart,AU,2022-02-02 22:02:25,-42.8794,147.3294,62.02,57,20,1.01
22,Umm Lajj,SA,2022-02-02 22:04:26,25.0213,37.2685,69.12,50,0,6.35
23,Yellowknife,CA,2022-02-02 22:04:26,62.456,-114.3525,-21.71,96,94,3.83
24,Qaanaaq,GL,2022-02-02 21:59:43,77.484,-69.3632,-14.91,81,100,6.98
25,Grindavik,IS,2022-02-02 22:04:26,63.8424,-22.4338,25.27,68,75,4.61
26,Bredasdorp,ZA,2022-02-02 22:04:27,-34.5322,20.0403,64.27,69,47,10.0
27,Neryungri,RU,2022-02-02 22:04:27,56.6709,124.6491,-12.33,94,100,11.41
28,Port Lincoln,AU,2022-02-02 21:59:44,-34.7333,135.8667,63.91,72,19,15.55
29,Codrington,AU,2022-02-02 21:59:55,-38.2667,141.9667,59.04,65,86,13.62
30,Margate,GB,2022-02-02 22:04:27,51.3813,1.3862,47.03,84,100,4.0
31,Busselton,AU,2022-02-02 22:00:58,-33.65,115.3333,66.04,48,100,14.52
32,Egvekinot,RU,2022-02-02 22:04:28,66.3167,-179.1667,-8.1,78,6,19.3
33,Fare,PF,2022-02-02 22:04:28,-16.7,-151.0167,81.09,73,14,16.42
34,Sao Luis,BR,2022-02-02 22:04:28,-2.5297,-44.3028,82.6,94,40,12.66
35,Saint George,US,2022-02-02 22:00:15,37.1041,-113.5841,43.63,18,1,1.01
36,Pombas,CV,2022-02-02 22:04:28,17.1503,-25.0201,69.58,80,3,11.74
37,Coahuayana,MX,2022-02-02 22:04:29,18.7333,-103.6833,85.48,37,0,6.98
38,Pacific Grove,US,2022-02-02 22:03:28,36.6177,-121.9166,65.61,28,0,3.0
39,Albany,US,2022-02-02 22:04:29,42.6001,-73.9662,42.75,75,82,7.52
40,Tomatlan,MX,2022-02-02 22:04:29,19.9333,-105.25,82.85,35,0,10.45
41,Kaeo,NZ,2022-02-02 22:04:30,-35.1,173.7833,73.33,85,100,11.61
42,La Ronge,CA,2022-02-02 22:01:34,55.1001,-105.2842,-7.44,82,6,6.2
43,Dikson,RU,2022-02-02 22:04:30,73.5069,80.5464,-7.8,98,94,9.89
44,Vaini,TO,2022-02-02 22:03:41,-21.2,-175.2,86.16,74,40,5.75
45,Balkanabat,TM,2022-02-02 22:04:30,39.5108,54.3671,51.12,33,5,9.89
46,Atuona,PF,2022-02-02 22:02:59,-9.8,-139.0333,77.59,77,92,15.05
47,Punta Arenas,CL,2022-02-02 22:04:30,-53.15,-70.9167,48.31,71,75,8.05
48,Hermanus,ZA,2022-02-02 22:05:31,-34.4187,19.2345,65.89,87,5,11.12
49,Simplicio Mendes,BR,2022-02-02 22:05:31,-7.8539,-41.9103,83.55,43,60,1.79
50,Coquimbo,CL,2022-02-02 22:01:03,-29.9533,-71.3436,66.29,76,17,8.59
51,Nanakuli,US,2022-02-02 22:05:31,21.3906,-158.1547,81.1,61,0,8.05
52,Saint-Philippe,RE,2022-02-02 22:00:55,-21.3585,55.7679,80.19,94,100,34.09
53,Bentiu,SS,2022-02-02 22:05:32,9.2333,29.8333,78.04,23,100,4.07
54,Bluff,NZ,2022-02-02 22:02:22,-46.6,168.3333,58.8,66,100,16.69
55,Evensk,RU,2022-02-02 22:05:32,61.95,159.2333,22.28,37,100,31.99
56,Cabedelo,BR,2022-02-02 22:03:32,-6.9811,-34.8339,81.27,72,48,13.2
57,Avarua,CK,2022-02-02 22:05:32,-21.2078,-159.775,80.65,89,75,17.27
58,Lorengau,PG,2022-02-02 22:05:33,-2.0226,147.2712,79.75,80,100,11.45
59,Cape Town,ZA,2022-02-02 22:02:15,-33.9258,18.4232,66.11,88,61,1.01
60,Castlemaine,AU,2022-02-02 22:05:33,-37.0667,144.2167,57.04,53,2,15.21
61,Gizo,SB,2022-02-02 22:05:33,-8.103,156.8419,82.49,78,100,15.26
62,Sorland,NO,2022-02-02 22:05:33,67.667,12.6934,28.98,58,100,18.5
63,Longyearbyen,SJ,2022-02-02 22:05:16,78.2186,15.6401,15.64,73,0,16.11
64,Prince Rupert,CA,2022-02-02 22:03:30,54.3161,-130.3201,39.29,100,100,5.75
65,Batemans Bay,AU,2022-02-02 22:04:35,-35.7167,150.1833,65.98,56,12,8.28
66,Kismayo,SO,2022-02-02 22:00:51,-0.3582,42.5454,78.76,88,100,15.61
67,Vila Franca Do Campo,PT,2022-02-02 22:05:34,37.7167,-25.4333,58.19,79,22,8.84
68,Amga,RU,2022-02-02 22:05:34,60.8953,131.9608,-33.81,100,77,1.57
69,Saint-Georges,GD,2022-02-02 22:04:46,12.0564,-61.7485,78.71,75,1,14.9
70,Vallenar,CL,2022-02-02 22:05:35,-28.5708,-70.7581,78.15,38,0,8.32
71,Katsuura,JP,2022-02-02 22:03:28,35.1333,140.3,39.18,51,30,9.46
72,Bathsheba,BB,2022-02-02 22:05:35,13.2167,-59.5167,79.41,73,20,16.11
73,Lagoa,PT,2022-02-02 22:05:35,39.05,-27.9833,58.26,73,4,7.4
74,Saldanha,ZA,2022-02-02 22:05:35,-33.0117,17.9442,65.75,86,79,6.91
75,Cap-Aux-Meules,CA,2022-02-02 22:05:36,47.3821,-61.8597,30.4,86,79,23.17
76,Hithadhoo,MV,2022-02-02 22:05:36,-0.6,73.0833,81.75,70,57,5.53
77,Jiwani,PK,2022-02-02 22:05:36,25.05,61.7417,68.83,35,0,17.38
78,Kaitangata,NZ,2022-02-02 22:01:05,-46.2817,169.8464,54.36,95,100,4.99
79,La Rioja,ES,2022-02-02 22:05:37,42.25,-2.5,29.98,18,4,8.39
80,Puerto Ayora,EC,2022-02-02 22:02:29,-0.7393,-90.3518,77.56,89,37,7.0
81,Kahului,US,2022-02-02 22:00:55,20.8947,-156.47,79.86,72,0,7.0
82,Purificacion,CO,2022-02-02 22:05:37,3.8587,-74.9313,88.03,52,98,0.63
83,Lata,PT,2022-02-02 22:05:37,40.1629,-8.3327,51.93,73,95,2.26
84,Santa Cruz De Tenerife,ES,2022-02-02 22:02:41,28.4682,-16.2546,70.72,85,75,10.0
85,Maturin,VE,2022-02-02 22:05:38,9.75,-63.1767,83.16,54,70,11.99
86,Terrace,CA,2022-02-02 22:05:38,54.5163,-128.6035,19.31,93,100,11.5
87,Leshukonskoye,RU,2022-02-02 22:05:38,64.8989,45.7622,7.56,98,97,2.55
88,Tura,IN,2022-02-02 22:05:38,25.5198,90.2201,59.99,52,80,3.89
89,Farmington,US,2022-02-02 22:02:46,36.7281,-108.2187,36.77,44,20,13.8
90,Lamu,KE,2022-02-02 22:06:39,-2.2717,40.902,79.02,89,100,9.35
91,Tiksi,RU,2022-02-02 22:06:39,71.6872,128.8694,-5.22,97,100,6.58
92,Bethel,US,2022-02-02 22:02:47,41.3712,-73.414,41.83,100,100,1.14
93,Buguda,IN,2022-02-02 22:06:39,19.8167,84.8,64.85,94,5,1.32
94,Rikitea,PF,2022-02-02 22:06:40,-23.1203,-134.9692,78.46,73,100,7.78
95,Khatanga,RU,2022-02-02 22:02:28,71.9667,102.5,-36.9,98,47,1.25
96,Kavarna,BG,2022-02-02 22:06:40,43.4333,28.3333,35.35,95,100,7.45
97,Westport,US,2022-02-02 22:06:40,41.1415,-73.3579,43.09,92,0,4.0
98,Tasiilaq,GL,2022-02-02 22:06:40,65.6145,-37.6368,15.96,78,100,4.16
99,Awbari,LY,2022-02-02 22:06:41,26.5921,12.7805,45.72,34,0,9.22
100,Bambous Virieux,MU,2022-02-02 22:06:41,-20.3428,57.7575,79.21,90,100,32.01
101,Kodinsk,RU,2022-02-02 22:06:41,58.6881,99.1844,-4.29,100,100,2.89
102,Tranas,SE,2022-02-02 22:06:41,58.0372,14.9782,27.37,95,37,4.09
103,Rubtsovsk,RU,2022-02-02 22:06:42,51.5,81.25,-10.05,100,81,1.07
104,Otavi,NA,2022-02-02 22:06:42,-19.65,17.3333,68.76,36,26,3.85
105,Dingle,PH,2022-02-02 22:06:42,10.9995,122.6711,74.23,93,99,8.1
106,Hami,CN,2022-02-02 22:06:42,42.8,93.45,21.58,35,2,1.88
107,Sinjar,IQ,2022-02-02 22:06:43,36.3209,41.8754,45.61,58,100,4.92
108,Talnakh,RU,2022-02-02 22:06:43,69.4865,88.3972,-6.12,99,93,6.29
109,Vila Do Maio,CV,2022-02-02 22:06:43,15.1333,-23.2167,72.39,80,1,15.28
110,Chuy,UY,2022-02-02 22:06:43,-33.6971,-53.4616,74.48,74,0,13.22
111,Hilo,US,2022-02-02 22:06:44,19.7297,-155.09,80.33,67,75,6.91
112,Tutoia,BR,2022-02-02 22:06:44,-2.7619,-42.2744,82.38,78,100,10.98
113,Ponta Do Sol,PT,2022-02-02 22:06:44,32.6667,-17.1,67.01,79,100,6.08
114,Takoradi,GH,2022-02-02 22:06:45,4.8845,-1.7554,80.37,81,1,10.09
115,Wanning,CN,2022-02-02 22:06:45,18.8003,110.3967,63.05,93,66,10.92
116,East London,ZA,2022-02-02 22:04:36,-33.0153,27.9116,74.89,94,59,11.56
117,Great Yarmouth,GB,2022-02-02 22:06:45,52.6083,1.7305,48.24,94,100,9.24
118,Rio Grande,BR,2022-02-02 22:02:46,-32.035,-52.0986,75.15,80,0,18.43
119,Sankeshwar,IN,2022-02-02 22:06:45,16.2667,74.4833,65.82,52,2,5.17
120,Pogar,RU,2022-02-02 22:06:46,52.554,33.2591,24.37,96,100,8.75
121,Severo-Kurilsk,RU,2022-02-02 22:06:46,50.6789,156.125,27.99,79,98,6.62
122,Iqaluit,CA,2022-02-02 22:06:23,63.7506,-68.5145,7.7,78,100,11.01
123,Tual,ID,2022-02-02 22:06:46,-5.6667,132.75,82.87,73,100,8.5
124,Ribeira Grande,PT,2022-02-02 22:06:47,38.5167,-28.7,59.7,74,8,9.42
125,Tuktoyaktuk,CA,2022-02-02 22:05:07,69.4541,-133.0374,-18.94,98,100,9.86
126,Geraldton,AU,2022-02-02 22:06:47,-28.7667,114.6,84.61,17,0,19.57
127,Cidreira,BR,2022-02-02 22:06:24,-30.1811,-50.2056,75.97,84,0,17.74
128,Mar Del Plata,AR,2022-02-02 22:04:59,-38.0023,-57.5575,82.09,61,0,6.91
129,Laguna,US,2022-02-02 22:06:47,38.421,-121.4238,62.47,28,0,11.01
130,Saint-Pierre,RE,2022-02-02 22:06:47,-21.3393,55.4781,80.28,89,75,37.98
131,San Rafael Del Sur,NI,2022-02-02 22:06:48,11.8485,-86.4384,89.47,40,3,14.05
132,Villa Sandino,NI,2022-02-02 22:06:48,12.0483,-84.9936,85.33,39,29,14.12
133,Togul,RU,2022-02-02 22:06:48,53.465,85.9128,-4.79,100,87,1.66
134,Banjarmasin,ID,2022-02-02 22:06:49,-3.3244,114.591,75.34,94,77,0.94
135,College,US,2022-02-02 22:06:46,64.8569,-147.8028,-4.41,76,20,0.0
136,Husavik,IS,2022-02-02 22:06:49,66.0449,-17.3389,20.64,91,99,5.86
137,Kapaa,US,2022-02-02 22:07:49,22.0752,-159.319,80.58,66,0,1.01
138,Usolye,RU,2022-02-02 22:07:49,59.4268,56.6808,25.21,95,100,8.28
139,New Norfolk,AU,2022-02-02 22:03:52,-42.7826,147.0587,61.66,57,68,4.21
140,Korgen,NO,2022-02-02 22:07:50,66.0771,13.8153,19.11,87,100,7.2
141,Meulaboh,ID,2022-02-02 22:03:23,4.1363,96.1285,76.08,85,71,3.15
142,Taoudenni,ML,2022-02-02 22:07:50,22.6783,-3.9836,67.33,18,7,14.76
143,Hasaki,JP,2022-02-02 22:07:43,35.7333,140.8333,25.2,50,36,10.02
144,Praia,CV,2022-02-02 22:07:50,14.9215,-23.5087,72.14,68,3,20.71
145,Santo Antonio Do Ica,BR,2022-02-02 22:07:51,-3.1022,-67.9397,76.23,95,98,2.06
146,Chokurdakh,RU,2022-02-02 22:07:51,70.6333,147.9167,-19.59,97,100,6.93
147,Hobyo,SO,2022-02-02 22:06:15,5.3505,48.5268,77.85,74,92,19.62
148,Narsaq,GL,2022-02-02 22:07:51,60.9167,-46.05,3.42,66,56,7.92
149,Port Elizabeth,ZA,2022-02-02 22:07:51,-33.918,25.5701,72.1,93,100,11.54
150,Rosarito,MX,2022-02-02 22:07:52,32.3333,-117.0333,69.21,32,0,2.21
151,Pangnirtung,CA,2022-02-02 22:07:52,66.1451,-65.7125,6.8,72,100,21.85
152,Teguldet,RU,2022-02-02 22:07:52,57.3064,88.1667,3.74,99,96,3.2
153,Mahebourg,MU,2022-02-02 22:07:53,-20.4081,57.7,79.25,90,100,32.03
154,Fort Nelson,CA,2022-02-02 22:07:53,58.8053,-122.7002,-2.15,87,100,6.98
155,Orocue,CO,2022-02-02 22:07:53,4.7912,-71.3354,97.57,23,65,6.11
156,Samarai,PG,2022-02-02 22:07:53,-10.6167,150.6667,80.47,79,98,6.58
157,Abu Samrah,SY,2022-02-02 22:07:54,35.3029,37.1841,48.63,56,93,10.89
158,Poum,NC,2022-02-02 22:04:44,-20.2333,164.0167,79.95,76,0,6.82
159,Magadan,RU,2022-02-02 22:07:54,59.5667,150.8,12.38,80,100,8.77
160,Belawan,ID,2022-02-02 22:07:54,3.7755,98.6832,78.35,92,100,3.51
161,Puerto Ayacucho,VE,2022-02-02 22:07:55,5.6639,-67.6236,78.22,76,89,9.19
162,Pevek,RU,2022-02-02 22:06:25,69.7008,170.3133,-8.43,76,30,4.92
163,Pietarsaari,FI,2022-02-02 22:07:55,63.65,22.6833,10.99,96,97,4.12
164,Hambantota,LK,2022-02-02 22:07:47,6.1241,81.1185,71.94,100,20,0.0
165,Abu Dhabi,AE,2022-02-02 22:07:16,24.4667,54.3667,67.96,66,40,2.3
166,Mount Gambier,AU,2022-02-02 22:07:43,-37.8333,140.7667,58.59,63,100,9.33
167,High Level,CA,2022-02-02 22:07:55,58.5169,-117.136,-9.18,92,97,4.47
168,Saskylakh,RU,2022-02-02 22:07:56,71.9167,114.0833,-30.41,100,28,2.59
169,Muros,ES,2022-02-02 22:06:50,42.7762,-9.0603,55.24,82,100,7.81
170,Vestmanna,FO,2022-02-02 22:07:56,62.1564,-7.1664,38.32,93,75,9.22
171,Girvan,GB,2022-02-02 22:07:56,55.2426,-4.8555,49.51,94,100,12.84
172,Thompson,CA,2022-02-02 22:04:56,55.7435,-97.8558,-7.06,80,45,12.57
173,Palauig,PH,2022-02-02 22:07:57,15.435,119.9045,76.5,69,16,3.94
174,Ahipara,NZ,2022-02-02 22:07:43,-35.1667,173.1667,74.41,71,100,13.06
175,Yulara,AU,2022-02-02 22:07:57,-25.2406,130.9889,65.3,68,100,17.36
176,Henties Bay,NA,2022-02-02 22:06:38,-22.116,14.2845,68.86,81,78,5.23
177,Mezen,RU,2022-02-02 22:07:57,65.8522,44.24,8.92,97,98,4.12
178,Astara,AZ,2022-02-02 22:07:57,38.5,48.6667,34.5,45,0,10.47
179,Bacolod,PH,2022-02-02 22:07:58,10.6667,122.95,75.22,87,97,9.15
180,Bengkulu,ID,2022-02-02 22:07:58,-3.8004,102.2655,76.28,88,97,4.34
181,Gat,IL,2022-02-02 22:05:04,31.61,34.7642,59.4,55,98,4.45
182,Suntar,RU,2022-02-02 22:08:58,62.1444,117.6319,-27.9,99,26,3.51
183,Aykhal,RU,2022-02-02 22:08:59,66.0,111.5,-21.23,100,5,3.11
184,Luderitz,NA,2022-02-02 22:06:12,-26.6481,15.1594,68.27,78,68,1.77
185,Vila Velha,BR,2022-02-02 22:08:59,-20.3297,-40.2925,80.55,82,0,4.61
186,Lumberton,US,2022-02-02 22:08:59,34.6182,-79.0086,64.26,75,69,6.62
187,Korla,CN,2022-02-02 22:08:59,41.7597,86.1469,23.05,57,11,6.98
188,Portland,US,2022-02-02 22:04:57,45.5234,-122.6762,46.81,92,100,1.99
189,Necochea,AR,2022-02-02 22:09:00,-38.5473,-58.7368,84.02,49,100,11.23
190,Brae,GB,2022-02-02 22:09:00,60.3964,-1.353,46.31,90,100,9.08
191,Gulbene,LV,2022-02-02 22:09:00,57.1777,26.7529,23.22,96,100,1.14
192,Nuuk,GL,2022-02-02 22:09:01,64.1835,-51.7216,11.01,52,75,9.22
193,Goundam,ML,2022-02-02 22:09:01,16.4145,-3.6708,67.98,13,32,10.65
194,Rockland,US,2022-02-02 22:09:01,41.1668,-74.0496,43.68,100,100,0.27
195,Koslan,RU,2022-02-02 22:09:01,63.4564,48.8989,19.02,97,100,3.83
196,Ponta Delgada,PT,2022-02-02 22:09:02,37.7333,-25.6667,58.5,77,20,8.05
197,Emerald,AU,2022-02-02 22:09:02,-23.5333,148.1667,74.34,94,100,9.17
198,Skelleftea,SE,2022-02-02 22:09:02,64.7507,20.9528,10.76,66,100,5.75
199,Kruisfontein,ZA,2022-02-02 22:06:46,-34.0033,24.7314,69.89,92,100,6.93
200,Cabo San Lucas,MX,2022-02-02 22:06:28,22.8909,-109.9124,77.61,55,20,4.0
201,Bowling Green,US,2022-02-02 22:09:01,36.9903,-86.4436,49.93,94,100,10.36
202,Batsfjord,NO,2022-02-02 22:08:32,70.6345,29.7185,23.22,86,75,3.44
203,Dryden,CA,2022-02-02 22:09:03,49.7833,-92.7503,-9.11,77,100,12.66
204,Flinders,AU,2022-02-02 22:09:03,-34.5833,150.8552,68.18,70,80,11.99
205,Noumea,NC,2022-02-02 22:09:03,-22.2763,166.4572,82.38,66,77,9.4
206,Hokitika,NZ,2022-02-02 22:09:04,-42.7167,170.9667,66.13,98,100,15.46
207,Iskateley,RU,2022-02-02 22:09:04,67.6803,53.1512,7.38,96,100,7.52
208,Hamilton,US,2022-02-02 22:07:01,39.1834,-84.5333,45.23,94,100,0.0
209,Naze,JP,2022-02-02 22:06:53,28.3667,129.4833,56.32,90,100,23.0
210,Kafue,ZM,2022-02-02 22:09:04,-15.7691,28.1814,66.4,97,3,3.15
211,Yurimaguas,PE,2022-02-02 22:09:05,-5.9,-76.0833,86.74,47,96,2.28
212,Road Town,VG,2022-02-02 22:09:05,18.4167,-64.6167,78.89,78,40,10.36
213,Kamiiso,JP,2022-02-02 22:09:05,41.8167,140.65,25.18,93,75,4.61
214,Carahue,CL,2022-02-02 22:09:05,-38.7,-73.1667,71.8,64,2,8.32
215,Buin,CL,2022-02-02 22:09:06,-33.7333,-70.75,85.05,35,0,11.48
216,Panama City,PA,2022-02-02 22:04:53,8.9936,-79.5197,89.92,56,74,3.0
217,Marzuq,YE,2022-02-02 22:09:06,14.4,46.4667,64.09,48,94,4.38
218,Airai,TL,2022-02-02 22:09:06,-8.9266,125.4092,60.66,89,100,2.35
219,Leeton,AU,2022-02-02 22:09:06,-34.5667,146.4,57.88,51,0,12.64
220,Oranjemund,NA,2022-02-02 22:09:07,-28.55,16.4333,67.89,86,100,5.55
221,Viedma,AR,2022-02-02 22:09:00,-40.8135,-62.9967,81.97,24,21,8.12
222,Arraial Do Cabo,BR,2022-02-02 22:06:24,-22.9661,-42.0278,75.58,88,97,6.33
223,San Patricio,US,2022-02-02 22:09:07,28.017,-97.5169,79.21,70,94,14.38
224,Komsomolskiy,UZ,2022-02-02 22:09:07,40.4272,71.7189,39.92,81,75,4.61
225,Sao Miguel Do Araguaia,BR,2022-02-02 22:09:08,-13.275,-50.1628,76.35,85,41,3.87
226,Alekseyevsk,RU,2022-02-02 22:09:08,57.8406,108.3492,1.38,98,99,3.65
227,Tabou,CI,2022-02-02 22:09:08,4.423,-7.3528,79.02,80,73,7.38
228,Ugoofaaru,MV,2022-02-02 22:10:09,5.6667,73.0,81.3,71,19,7.52
229,Goksun,TR,2022-02-02 22:10:09,38.021,36.4973,32.95,98,100,7.31
230,Okhotsk,RU,2022-02-02 22:10:09,59.3833,143.3,7.0,75,100,15.39
231,Hervey Bay,AU,2022-02-02 22:08:52,-25.2986,152.8535,78.04,80,98,12.48
232,Cabra,ES,2022-02-02 22:10:09,37.4725,-4.4421,56.39,47,44,4.09
233,Caravelas,BR,2022-02-02 22:10:10,-17.7125,-39.2481,78.42,84,100,5.35
234,Gua Musang,MY,2022-02-02 22:10:10,4.8823,101.9644,71.58,99,80,1.14
235,Bubaque,GW,2022-02-02 22:10:11,11.2833,-15.8333,77.97,85,15,13.56
236,Upernavik,GL,2022-02-02 22:10:11,72.7868,-56.1549,-5.13,69,100,7.65
237,Daru,PG,2022-02-02 22:10:11,-9.0763,143.2092,76.5,79,100,5.68
238,Tshikapa,CD,2022-02-02 22:10:12,-6.4167,20.8,70.14,98,100,2.68
239,Maraa,BR,2022-02-02 22:10:12,-1.8333,-65.3667,78.87,88,90,3.42
240,Coffs Harbour,AU,2022-02-02 22:10:12,-30.3,153.1333,73.13,94,75,14.97
241,Hatfield,GB,2022-02-02 22:10:13,51.7634,-0.2242,49.32,85,100,6.91
242,Guerrero Negro,MX,2022-02-02 22:10:13,27.9769,-114.0611,64.27,49,3,13.02
243,Kununurra,AU,2022-02-02 22:10:13,-15.7667,128.7333,75.18,94,99,3.44
244,Lebu,CL,2022-02-02 22:06:45,-37.6167,-73.65,63.72,79,45,11.01
245,San Cristobal,VE,2022-02-02 22:10:13,7.7669,-72.225,82.85,30,19,5.64
246,Port Blair,IN,2022-02-02 22:10:14,11.6667,92.75,76.71,70,83,5.82
247,Fremont,US,2022-02-02 22:08:29,37.5483,-121.9886,64.81,25,0,7.0
248,Tessalit,ML,2022-02-02 22:10:14,20.1986,1.0114,63.05,12,0,10.54
249,Victoria,HK,2022-02-02 22:07:09,22.2855,114.1577,60.94,93,100,7.0
250,Port Keats,AU,2022-02-02 22:10:14,-14.25,129.55,80.74,78,76,10.92
251,Cassilandia,BR,2022-02-02 22:10:15,-19.1133,-51.7342,74.37,91,50,5.26
252,Akhtubinsk,RU,2022-02-02 22:10:15,48.2795,46.1722,32.97,92,100,12.12
253,Peniche,PT,2022-02-02 22:10:15,39.3558,-9.3811,56.68,79,93,3.06
254,Ilulissat,GL,2022-02-02 22:10:16,69.2167,-51.1,-0.38,60,20,25.32
255,Maua,BR,2022-02-02 22:10:16,-23.6678,-46.4614,71.37,95,100,3.85
256,Hlotse,LS,2022-02-02 22:10:16,-28.8718,28.045,68.04,49,27,0.45
257,Coihaique,CL,2022-02-02 22:10:17,-45.5752,-72.0662,67.95,52,40,6.91
258,Rawson,AR,2022-02-02 22:10:17,-43.3002,-65.1023,75.29,38,100,10.8
259,Nikolskoye,RU,2022-02-02 22:10:17,59.7035,30.7861,22.89,98,99,1.1
260,Provideniya,RU,2022-02-02 22:10:17,64.3833,-173.3,10.51,72,75,38.03
261,Karoi,ZW,2022-02-02 22:10:18,-16.8099,29.6925,64.13,97,5,4.16
262,Alekseyevskoye,RU,2022-02-02 22:10:18,55.3071,50.1135,23.68,98,100,9.01
263,San Ramon,US,2022-02-02 22:10:18,37.7799,-121.978,63.1,26,0,1.99
264,Inirida,CO,2022-02-02 22:10:19,3.8653,-67.9239,86.58,57,91,2.26
265,Hirna,ET,2022-02-02 22:10:19,9.2167,41.1,59.05,68,48,3.65
266,Quatre Cocos,MU,2022-02-02 22:09:49,-20.2078,57.7625,79.09,89,100,32.64
267,Pervomayskoye,RU,2022-02-02 22:10:19,43.919,46.7102,40.57,89,84,13.4
268,Sangar,RU,2022-02-02 22:10:20,63.9242,127.4739,-31.32,100,72,2.44
269,Ginda,IN,2022-02-02 22:10:20,30.6945,78.4932,41.05,80,100,5.5
270,Ust-Kuyga,RU,2022-02-02 22:08:45,70.0167,135.6,-21.19,96,88,8.3
271,North Bend,US,2022-02-02 22:10:20,43.4065,-124.2243,52.92,96,100,3.44
272,Iranshahr,IR,2022-02-02 22:11:20,27.2025,60.6848,55.13,38,0,7.65
273,Atikokan,CA,2022-02-02 22:11:21,48.7555,-91.6216,-4.99,86,100,9.1
274,Clyde River,CA,2022-02-02 22:07:20,70.4692,-68.5914,-16.37,76,100,8.05
275,Bay Roberts,CA,2022-02-02 22:09:33,47.5999,-53.2648,26.24,80,7,4.0
276,Soe,ID,2022-02-02 22:11:21,-9.8607,124.284,66.67,84,100,3.78
277,Kamaishi,JP,2022-02-02 22:11:21,39.2667,141.8833,30.67,62,10,7.76
278,Xiangxiang,CN,2022-02-02 22:08:21,27.7333,112.5333,36.0,90,100,2.04
279,Kijang,KR,2022-02-02 22:11:22,35.2442,129.2139,33.17,47,100,6.02
280,Bantacan,PH,2022-02-02 22:11:22,7.604,126.1298,72.81,92,100,2.33
281,Sao Joao Da Barra,BR,2022-02-02 22:11:22,-21.6403,-41.0511,75.25,89,100,7.36
282,Bom Jesus,BR,2022-02-02 22:10:55,-9.0744,-44.3586,78.04,73,32,1.36
283,Ankang,CN,2022-02-02 22:11:23,32.68,109.0172,34.56,71,100,2.01
284,Sola,VU,2022-02-02 22:11:23,-13.8833,167.55,80.91,79,98,6.2
285,Leningradskiy,RU,2022-02-02 22:11:23,69.3833,178.4167,-14.39,95,30,9.86
286,Belmonte,BR,2022-02-02 22:09:32,-15.8631,-38.8828,81.1,80,100,7.34
287,Sitka,US,2022-02-02 22:09:12,57.0531,-135.33,39.09,87,100,5.75
288,Kailua,US,2022-02-02 22:11:23,21.4022,-157.7394,80.58,68,8,4.0
289,Villazon,BO,2022-02-02 22:11:24,-22.0866,-65.5942,57.07,58,79,15.32
290,Constitucion,CL,2022-02-02 22:11:24,-35.3333,-72.4167,64.42,73,31,8.59
291,Shelburne,CA,2022-02-02 22:09:08,44.0787,-80.2041,32.18,94,100,10.27
292,Kieta,PG,2022-02-02 22:08:37,-6.2167,155.6333,82.11,77,100,8.12
293,Bonthe,SL,2022-02-02 22:11:24,7.5264,-12.505,78.51,86,20,9.01
294,Posse,BR,2022-02-02 22:11:25,-14.0931,-46.3694,73.89,74,91,1.52
295,Andreapol,RU,2022-02-02 22:11:25,56.6513,32.2664,12.0,99,99,2.42
296,Bartica,GY,2022-02-02 22:11:25,6.4,-58.6167,80.92,72,16,6.24
297,Nerchinskiy Zavod,RU,2022-02-02 22:11:25,51.3088,119.61,-26.05,99,63,2.66
298,Ofunato,JP,2022-02-02 22:11:26,39.0717,141.7167,30.22,70,13,10.4
299,Terenos,BR,2022-02-02 22:11:26,-20.4422,-54.8603,83.91,61,40,6.91
300,Charcas,MX,2022-02-02 22:11:26,23.1333,-101.1167,73.6,17,0,15.86
301,Kothi,IN,2022-02-02 22:11:27,24.75,80.7833,55.99,72,0,9.6
302,Bowen,AU,2022-02-02 22:11:27,-20.0167,148.2333,81.84,77,100,2.21
303,Torbay,CA,2022-02-02 22:11:26,47.6666,-52.7314,25.48,85,11,1.99
304,Guane,CU,2022-02-02 22:11:27,22.2025,-84.0875,78.89,67,41,12.88
305,Hailar,CN,2022-02-02 22:11:27,49.2,119.7,-28.34,100,74,4.0
306,Portree,GB,2022-02-02 22:11:28,57.4129,-6.1942,47.52,96,100,16.62
307,Upata,VE,2022-02-02 22:07:46,8.0086,-62.3989,84.2,56,74,7.7
308,Qui Nhon,VN,2022-02-02 22:11:28,13.7667,109.2333,72.95,87,100,7.92
309,Chiang Klang,TH,2022-02-02 22:11:28,19.2938,100.8617,63.99,76,8,1.28
310,Puerto Santander,CO,2022-02-02 22:11:28,8.3636,-72.4063,92.23,35,7,2.82
311,Benalmadena,ES,2022-02-02 22:11:29,36.5955,-4.5694,56.57,56,75,2.89
312,Cody,US,2022-02-02 22:09:16,44.5263,-109.0565,8.26,47,0,4.61
313,Karratha,AU,2022-02-02 22:11:29,-20.7377,116.8463,81.25,73,100,6.24
314,Varhaug,NO,2022-02-02 22:08:40,58.6147,5.6457,38.89,84,93,3.15
315,Kariba,ZW,2022-02-02 22:11:29,-16.5167,28.8,70.93,87,1,3.58
316,Balabac,PH,2022-02-02 22:11:30,7.9868,117.0645,80.19,80,85,14.7
317,Bay City,US,2022-02-02 22:11:30,43.5945,-83.8889,25.29,91,100,8.99
318,Lazaro Cardenas,MX,2022-02-02 22:11:30,17.9583,-102.2,80.17,57,0,9.08
319,Rio Gallegos,AR,2022-02-02 22:11:30,-51.6226,-69.2181,60.85,59,75,13.8
320,Atkinson,US,2022-02-02 22:12:31,42.8384,-71.147,42.06,84,99,1.01
321,Tigre,AR,2022-02-02 22:12:31,-34.426,-58.5796,90.18,55,0,12.66
322,Inhambane,MZ,2022-02-02 22:12:31,-23.865,35.3833,76.39,84,14,7.16
323,Ukiah,US,2022-02-02 22:12:32,39.1502,-123.2078,64.58,34,0,4.61
324,Zhoucheng,CN,2022-02-02 22:12:32,35.9122,116.3117,29.57,48,66,3.98
325,Nieuw Amsterdam,SR,2022-02-02 22:12:32,5.8833,-55.0833,82.42,78,20,6.91
326,Port-Gentil,GA,2022-02-02 22:08:44,-0.7193,8.7815,80.26,80,18,9.55
327,Tuatapere,NZ,2022-02-02 22:07:48,-46.1333,167.6833,58.82,85,100,6.87
328,Rocha,UY,2022-02-02 22:12:32,-34.4833,-54.3333,75.36,71,0,12.46
329,Albion,US,2022-02-02 22:08:35,42.2431,-84.753,28.2,94,100,3.44
330,Japura,ID,2022-02-02 22:12:33,-0.3167,102.35,71.82,97,93,1.88
331,Anloga,GH,2022-02-02 22:12:33,5.7947,0.8973,81.25,79,8,9.69
332,Gavrilovka Vtoraya,RU,2022-02-02 22:12:33,52.877,42.7663,26.33,98,100,4.23
333,Chibombo,ZM,2022-02-02 22:12:34,-14.6569,28.0706,64.87,97,31,4.41
334,Guaimaro,CU,2022-02-02 22:12:34,21.05,-77.35,81.1,59,84,16.73
335,Sinor,IN,2022-02-02 22:12:34,21.9167,73.3333,65.86,68,2,7.61
336,Riyadh,SA,2022-02-02 22:12:34,24.6877,46.7219,51.94,36,0,5.73
337,Puerto Madero,MX,2022-02-02 22:12:35,14.7208,-92.4215,88.0,55,40,10.36
338,Richards Bay,ZA,2022-02-02 22:12:35,-28.783,32.0377,77.34,82,6,15.05
339,Biscarrosse,FR,2022-02-02 22:12:35,44.3945,-1.1672,48.43,100,100,12.66
340,Beringovskiy,RU,2022-02-02 22:12:35,63.05,179.3167,2.34,79,79,20.11
341,Kampot,KH,2022-02-02 22:12:36,10.6167,104.1833,77.05,83,47,3.04
342,Ullal,IN,2022-02-02 22:08:08,12.8,74.85,76.15,88,20,0.0
343,Flin Flon,CA,2022-02-02 22:12:36,54.7682,-101.865,-6.48,83,12,8.72
344,Luau,AO,2022-02-02 22:11:57,-10.7073,22.2247,64.6,97,84,3.65
345,Chicama,PE,2022-02-02 22:09:34,-7.8447,-79.1469,66.74,59,7,12.26
346,Sao Paulo De Olivenca,BR,2022-02-02 22:12:36,-3.3783,-68.8725,74.53,94,98,3.27
347,Khorixas,NA,2022-02-02 22:12:37,-20.3667,14.9667,66.49,60,71,12.1
348,Nagato,JP,2022-02-02 22:12:37,34.3833,131.2,40.95,57,100,13.51
349,Turukhansk,RU,2022-02-02 22:07:50,65.8167,87.9833,1.13,96,100,6.42
350,Ternate,ID,2022-02-02 22:12:37,0.8,127.4,78.33,81,100,4.56
351,Ust-Barguzin,RU,2022-02-02 22:12:38,53.45,108.9833,-9.72,97,100,4.68
352,Senno,RU,2022-02-02 22:12:38,59.5336,33.9167,10.15,98,100,2.59
353,Antofagasta,CL,2022-02-02 22:08:20,-23.65,-70.4,69.28,73,7,10.56
354,Dolores,AR,2022-02-02 22:12:38,-36.3132,-57.6792,77.72,48,81,10.87
355,Amarwara,IN,2022-02-02 22:12:38,22.3,79.1667,60.19,43,0,5.28
356,Rundu,NA,2022-02-02 22:12:39,-17.9333,19.7667,68.63,61,42,3.85
357,Mikhaylovka,RU,2022-02-02 22:12:11,50.06,43.2379,35.78,100,100,10.49
358,Hanmer Springs,NZ,2022-02-02 22:12:39,-42.5167,172.8167,68.05,83,100,6.44
359,Kuybysheve,UA,2022-02-02 22:12:39,47.358,36.6491,35.33,100,100,5.97
360,Alofi,NU,2022-02-02 22:08:29,-19.0595,-169.9187,77.85,78,100,16.02
361,Yangambi,CD,2022-02-02 22:10:14,0.8102,24.4336,74.79,67,100,2.77
362,Kloulklubed,PW,2022-02-02 22:12:40,7.0419,134.2556,79.3,78,100,18.7
363,Ndjole,GA,2022-02-02 22:08:44,-0.1783,10.7649,75.4,94,100,1.28
364,Houma,US,2022-02-02 22:10:02,29.5958,-90.7195,73.99,100,75,5.75
365,Rorvik,NO,2022-02-02 22:12:40,64.8621,11.2373,19.38,82,97,19.77
366,Makakilo City,US,2022-02-02 22:13:40,21.3469,-158.0858,79.12,59,0,8.05
367,Saskatoon,CA,2022-02-02 22:13:40,52.1168,-106.6345,-11.83,74,6,4.0
368,Teguise,ES,2022-02-02 22:13:41,29.0605,-13.564,70.02,33,0,4.61
369,Faya,SA,2022-02-02 22:09:46,18.3851,42.4509,52.32,68,11,1.05
370,Mukdahan,TH,2022-02-02 22:13:41,16.5833,104.5,62.37,90,22,7.58
371,Yar-Sale,RU,2022-02-02 22:13:41,66.8333,70.8333,-1.12,98,100,13.2
372,Adrar,MR,2022-02-02 22:13:42,20.5022,-10.0711,70.34,20,81,10.2
373,Jalu,LY,2022-02-02 22:13:42,29.0331,21.5482,53.26,58,51,13.51
374,Vestmannaeyjar,IS,2022-02-02 22:08:57,63.4427,-20.2734,31.32,72,100,10.22
375,Tabuk,PH,2022-02-02 22:13:42,17.4189,121.4443,64.96,91,8,1.32
376,Salalah,OM,2022-02-02 22:13:42,17.0151,54.0924,78.89,21,0,10.36
377,Rensvik,NO,2022-02-02 22:13:43,63.1,7.8167,33.46,80,40,11.5
378,Izhma,RU,2022-02-02 22:13:43,65.0083,53.9113,19.0,97,99,5.08
379,Katherine,AU,2022-02-02 22:13:43,-14.4667,132.2667,77.32,94,74,0.0
380,Quelimane,MZ,2022-02-02 22:12:45,-17.8786,36.8883,78.75,89,20,4.61
381,Pyshma,RU,2022-02-02 22:13:44,56.9523,63.2513,6.67,97,83,5.06
382,Kattivakkam,IN,2022-02-02 22:13:44,13.2167,80.3167,77.07,76,7,4.14
383,Ushtobe,KZ,2022-02-02 22:13:44,45.2514,77.9838,16.23,88,100,4.83
384,Touros,BR,2022-02-02 22:09:10,-5.1989,-35.4608,83.3,72,39,12.84
385,Auki,SB,2022-02-02 22:13:44,-8.7676,160.7034,80.74,82,100,5.48
386,Marsabit,KE,2022-02-02 22:13:45,2.3284,37.9899,70.84,55,100,9.44
387,Norman Wells,CA,2022-02-02 22:09:30,65.282,-126.8329,-21.96,69,75,11.5
388,Nizwa,OM,2022-02-02 22:13:45,22.9333,57.5333,66.79,54,2,5.5
389,Waldshut-Tiengen,DE,2022-02-02 22:13:45,47.6232,8.2172,47.19,100,100,2.8
390,Saint Anthony,US,2022-02-02 22:10:00,45.0205,-93.218,7.14,53,0,5.99
391,Kurayoshi,JP,2022-02-02 22:13:46,35.4333,133.8167,33.71,78,100,8.23
392,Mwinilunga,ZM,2022-02-02 22:09:14,-11.7358,24.4293,61.29,96,99,1.61
393,Jining,CN,2022-02-02 22:13:46,35.405,116.5814,30.02,49,76,4.54
394,Sao Filipe,CV,2022-02-02 22:09:19,14.8961,-24.4956,75.78,65,3,17.96
395,Pijino,CO,2022-02-02 22:13:46,9.3291,-74.453,93.99,34,9,1.68
396,Hovd,MN,2022-02-02 22:13:46,48.0056,91.6419,-4.9,98,96,0.22
397,Tocopilla,CL,2022-02-02 22:10:11,-22.092,-70.1979,70.72,70,23,11.52
398,Kysyl-Syr,RU,2022-02-02 22:13:47,63.8986,122.7617,-15.05,98,100,4.79
399,Usinsk,RU,2022-02-02 22:13:47,65.9939,57.5281,15.37,96,100,8.32
400,Kovdor,RU,2022-02-02 22:13:47,67.5662,30.4758,-0.62,100,100,1.32
401,Pendleton,US,2022-02-02 22:11:23,45.6721,-118.7886,40.91,54,100,1.99
402,Umtata,ZA,2022-02-02 22:11:05,-31.5889,28.7844,75.16,66,100,4.38
403,Vydrino,RU,2022-02-02 22:13:48,51.485,104.8461,9.68,92,99,2.66
404,Limulunga,ZM,2022-02-02 22:13:48,-15.0969,23.1376,70.32,81,100,2.86
405,Faanui,PF,2022-02-02 22:13:48,-16.4833,-151.75,81.01,73,20,20.0
406,Augusto Correa,BR,2022-02-02 22:13:48,-1.0217,-46.635,75.78,91,100,5.73
407,Koumac,NC,2022-02-02 22:13:49,-20.5667,164.2833,82.54,68,2,4.34
408,Brigantine,US,2022-02-02 22:13:49,39.4101,-74.3646,44.06,97,100,3.44
409,La Palma,US,2022-02-02 22:13:49,33.8464,-118.0467,69.3,14,0,3.0
410,Acari,PE,2022-02-02 22:13:40,-15.4311,-74.6158,77.88,65,18,9.91
411,Snezhnogorsk,RU,2022-02-02 22:13:50,69.1933,33.2531,1.18,95,100,2.19
412,Atar,MR,2022-02-02 22:14:50,20.5169,-13.0499,75.31,19,0,9.1
413,Dali,CN,2022-02-02 22:14:50,25.7,100.1833,33.91,86,5,4.07
414,Itoman,JP,2022-02-02 22:14:50,26.1247,127.6694,68.4,92,75,23.02
415,Tartus,SY,2022-02-02 22:14:51,34.889,35.8866,54.43,56,99,9.08
416,Jardim,BR,2022-02-02 22:14:51,-21.4803,-56.1381,81.03,72,71,5.59
417,Yongan,CN,2022-02-02 22:14:51,39.6957,113.6871,12.18,50,0,2.04
418,Port Moresby,PG,2022-02-02 22:14:51,-9.4431,147.1797,77.74,75,96,5.79
419,Matay,EG,2022-02-02 22:14:52,28.419,30.7792,55.65,37,0,6.49
420,Anadyr,RU,2022-02-02 22:09:53,64.75,177.4833,18.1,53,0,20.13
421,San Pascual,PH,2022-02-02 22:14:52,13.7975,121.0342,73.51,90,73,7.7
422,Sorong,ID,2022-02-02 22:14:26,-0.8833,131.25,77.18,88,100,4.45
423,Padang,ID,2022-02-02 22:14:52,-0.9492,100.3543,76.91,86,78,3.6
424,Krasnoselkup,RU,2022-02-02 22:14:53,65.7,82.4667,-23.57,100,89,5.7
425,Suzun,RU,2022-02-02 22:14:53,53.7841,82.3116,-1.48,100,100,0.83
426,Dovolnoye,RU,2022-02-02 22:14:53,54.4958,79.6671,-5.19,100,100,4.81
427,Pallasovka,RU,2022-02-02 22:14:53,50.05,46.8833,33.46,96,100,18.92
428,Berlevag,NO,2022-02-02 22:14:54,70.8578,29.0864,19.2,93,75,8.05
429,Xining,CN,2022-02-02 22:11:20,36.6167,101.7667,11.37,68,46,2.75
430,Celestun,MX,2022-02-02 22:14:54,20.8667,-90.4,81.5,64,0,10.58
431,Boquira,BR,2022-02-02 22:14:54,-12.8231,-42.7306,75.0,71,72,2.68
432,Namibe,AO,2022-02-02 22:14:55,-15.1961,12.1522,73.0,70,83,10.69
433,Mildura,AU,2022-02-02 22:14:55,-34.2,142.15,60.76,59,0,12.66
434,Oriximina,BR,2022-02-02 22:14:55,-1.7656,-55.8661,78.98,78,64,5.26
435,Papara,BR,2022-02-02 22:14:55,-3.9839,-38.7273,81.0,89,56,3.96
436,Marsaxlokk,MT,2022-02-02 22:14:56,35.8419,14.5431,55.08,93,0,12.66
437,Chifeng,CN,2022-02-02 22:11:03,42.2683,118.9636,3.18,82,8,4.83
438,Camacha,PT,2022-02-02 22:14:56,33.0833,-16.3333,63.54,94,40,8.05
439,Khromtau,KZ,2022-02-02 22:14:56,50.2503,58.4347,11.77,91,88,8.1
440,Mersin,TR,2022-02-02 22:14:57,36.862,34.6509,52.95,77,91,10.25
441,Polczyn-Zdroj,PL,2022-02-02 22:14:57,53.7642,16.0957,29.08,94,94,5.88
442,Souillac,MU,2022-02-02 22:14:57,-20.5167,57.5167,79.36,94,75,31.07
443,Visnes,NO,2022-02-02 22:11:44,59.3556,5.2242,39.22,93,100,11.5
444,Newtownards,GB,2022-02-02 22:14:57,54.5924,-5.6909,49.95,84,20,1.99
445,Mahina,PF,2022-02-02 22:10:07,-17.5065,-149.489,87.57,62,20,5.75
446,Tautira,PF,2022-02-02 22:14:58,-17.7333,-149.15,87.82,77,16,17.43
447,Lompoc,US,2022-02-02 22:14:58,34.6391,-120.4579,65.79,20,0,14.97
448,Lasa,IT,2022-02-02 22:14:58,46.6166,10.7002,40.03,94,77,8.19
449,Hualmay,PE,2022-02-02 22:14:58,-11.0964,-77.6139,74.75,70,4,13.62
450,Otofuke,JP,2022-02-02 22:14:59,42.9917,143.2003,2.7,94,58,2.17
451,Requena,ES,2022-02-02 22:14:59,39.4883,-1.1004,46.71,48,0,3.36
452,Smirnykh,RU,2022-02-02 22:14:59,49.75,142.8333,-1.82,91,40,7.05
453,Pontes E Lacerda,BR,2022-02-02 22:15:00,-15.2261,-59.3353,78.57,89,76,3.4
454,Tezu,IN,2022-02-02 22:15:00,27.9167,96.1667,53.58,63,85,3.78
455,Kavaratti,IN,2022-02-02 22:15:00,10.5669,72.642,79.52,72,7,10.6
456,Port Hardy,CA,2022-02-02 22:15:12,50.6996,-127.4199,37.58,93,100,14.97
457,Gunjur,GM,2022-02-02 22:16:00,13.2019,-16.7339,73.49,83,47,7.23
458,Mangrol,IN,2022-02-02 22:14:02,21.1167,70.1167,71.6,80,3,11.25
459,Yenagoa,NG,2022-02-02 22:11:50,4.9247,6.2642,80.02,72,4,6.38
460,Vardo,NO,2022-02-02 22:16:01,70.3705,31.1107,23.2,58,100,17.4
461,Nouadhibou,MR,2022-02-02 22:15:27,20.931,-17.0347,71.58,56,1,14.97
462,Boa Vista,BR,2022-02-02 22:11:21,2.8197,-60.6733,89.58,45,20,12.66
463,Labuhan,ID,2022-02-02 22:16:01,-6.8844,112.2051,77.63,86,100,5.12
464,Sambava,MG,2022-02-02 22:16:02,-14.2667,50.1667,76.59,83,100,3.87
465,Megion,RU,2022-02-02 22:16:02,61.0296,76.1136,21.22,89,100,11.77
466,San Quintin,MX,2022-02-02 22:16:02,30.4833,-115.95,61.68,55,0,11.18
467,Aken,DE,2022-02-02 22:12:14,50.7766,6.0834,47.93,93,100,8.7
468,Celendin,PE,2022-02-02 22:16:03,-6.8703,-78.1517,66.72,70,90,7.2
469,Antalaha,MG,2022-02-02 22:16:03,-14.9003,50.2788,75.34,81,100,3.87
470,Sakakah,SA,2022-02-02 22:16:03,29.9697,40.2064,51.37,40,22,11.12
471,Staryy Nadym,RU,2022-02-02 22:16:03,65.6118,72.6842,2.89,96,100,15.35
472,Tula,RU,2022-02-02 22:16:04,54.2044,37.6111,10.22,97,100,4.12
473,Zonguldak,TR,2022-02-02 22:16:04,41.25,31.8333,40.87,87,100,6.15
474,Camargo,MX,2022-02-02 22:16:04,27.6667,-105.1667,59.25,41,100,9.55
475,Kavieng,PG,2022-02-02 22:16:05,-2.5744,150.7967,78.42,84,100,13.67
476,Karakol,KG,2022-02-02 22:16:05,42.4907,78.3936,18.66,67,100,5.88
477,Tecoanapa,MX,2022-02-02 22:16:05,16.5167,-98.75,81.57,58,0,9.95
478,Mason City,US,2022-02-02 22:16:05,43.1536,-93.201,7.72,72,0,24.16
479,Falmouth,GB,2022-02-02 22:16:06,50.1544,-5.0711,47.3,100,75,2.3
480,Oranjestad,AW,2022-02-02 22:13:23,12.524,-70.027,79.3,82,0,23.02
481,Bourail,NC,2022-02-02 22:16:06,-21.5667,165.4833,80.71,71,38,2.28
482,San Jeronimo,PE,2022-02-02 22:16:07,-11.9472,-75.2829,60.22,58,58,4.18
483,Fereydunshahr,IR,2022-02-02 22:16:07,32.941,50.121,17.06,20,7,3.74
484,Somerset,US,2022-02-02 22:16:07,40.5668,-74.5496,45.09,84,100,1.92
485,Sarakhs,IR,2022-02-02 22:16:07,36.5449,61.1577,41.14,45,0,4.61
486,Udachnyy,RU,2022-02-02 22:16:08,66.4167,112.4,-32.73,100,45,3.15
487,Namatanai,PG,2022-02-02 22:16:08,-3.6667,152.4333,79.7,82,100,7.63
488,Havoysund,NO,2022-02-02 22:16:08,70.9963,24.6622,18.48,85,48,10.31
489,Isangel,VU,2022-02-02 22:16:08,-19.55,169.2667,86.11,84,75,3.44
490,Ancud,CL,2022-02-02 22:16:09,-41.8697,-73.8203,68.23,76,96,7.07
491,Luis Correia,BR,2022-02-02 22:16:09,-2.8792,-41.6669,82.4,89,75,5.75
492,Chernyshevskiy,RU,2022-02-02 22:12:15,63.0128,112.4714,-26.66,100,38,2.15
493,Taksimo,RU,2022-02-02 22:16:09,56.3444,114.8794,-21.55,92,18,2.75
494,Marystown,CA,2022-02-02 22:16:10,47.1666,-55.1483,25.86,100,32,9.17
495,Kenai,US,2022-02-02 22:16:10,60.5544,-151.2583,21.02,82,0,6.91
496,Sept-Iles,CA,2022-02-02 22:16:10,50.2001,-66.3821,27.05,91,100,1.99
497,Kamalganj,IN,2022-02-02 22:16:11,27.2667,79.65,53.17,62,29,9.35
498,Cap Malheureux,MU,2022-02-02 22:16:11,-19.9842,57.6142,79.47,88,100,17.0
499,Gawler,AU,2022-02-02 22:13:23,-34.6,138.7333,65.46,75,9,8.61
500,Yeppoon,AU,2022-02-02 22:17:11,-23.1333,150.7333,74.98,86,100,2.21
501,Hammerfest,NO,2022-02-02 22:17:12,70.6634,23.6821,18.05,73,0,2.3
502,Langres,FR,2022-02-02 22:17:12,47.8333,5.3333,42.19,92,95,5.01
503,Thinadhoo,MV,2022-02-02 22:17:12,0.5333,72.9333,82.31,71,8,6.64
504,Gigmoto,PH,2022-02-02 22:17:13,13.7796,124.39,76.93,89,100,12.62
505,Dvinskoy,RU,2022-02-02 22:17:13,62.1535,45.1175,21.58,97,100,1.61
506,Mitsamiouli,KM,2022-02-02 22:17:13,-11.3847,43.2844,81.14,75,80,1.5
507,Lantawan,PH,2022-02-02 22:17:13,10.6167,123.9833,78.49,88,95,8.25
508,Paamiut,GL,2022-02-02 22:17:14,61.994,-49.6678,7.27,65,100,16.46
509,Karaton,ID,2022-02-02 22:17:14,-6.3424,106.1045,77.95,91,69,2.28
510,San Rafael,AR,2022-02-02 22:17:15,-34.6177,-68.3301,85.62,34,6,9.06
511,Moscow,RU,2022-02-02 22:17:15,55.7522,37.6156,23.43,98,100,3.56
512,Fortuna,US,2022-02-02 22:17:15,40.5982,-124.1573,58.19,71,0,1.99
513,Casambalangan,PH,2022-02-02 22:17:15,18.3765,122.1274,73.08,80,29,7.54
514,Mirzapur,IN,2022-02-02 22:17:16,25.15,82.5833,55.11,73,0,7.92
515,Deputatskiy,RU,2022-02-02 22:17:16,69.3,139.9,-24.23,93,23,6.13
516,Khasan,RU,2022-02-02 22:17:16,42.4308,130.6434,15.46,55,1,18.88
517,Algiers,DZ,2022-02-02 22:13:37,36.7525,3.042,46.22,81,0,3.44
518,Tacuarembo,UY,2022-02-02 22:17:17,-31.7333,-55.9833,92.77,23,13,13.89
519,Kannangad,IN,2022-02-02 22:17:17,12.3081,75.1063,72.64,89,2,6.78
520,Lokosovo,RU,2022-02-02 22:17:17,61.1333,74.8167,21.51,94,100,11.36
521,Payo,ID,2022-02-02 22:17:17,-3.7508,103.6372,72.1,98,97,1.5
522,Nevsehir,TR,2022-02-02 22:17:18,38.9167,34.6667,36.61,70,75,17.27
523,Juybar,IR,2022-02-02 22:17:18,36.6412,52.9124,49.32,62,0,3.47
524,Gweru,ZW,2022-02-02 22:17:18,-19.45,29.8167,69.53,74,94,3.78
525,Bontang,ID,2022-02-02 22:13:10,0.1333,117.5,77.04,83,100,6.96
526,Kutum,SD,2022-02-02 22:15:19,14.2,24.6667,67.19,21,48,8.05
527,Basco,PH,2022-02-02 22:17:19,20.4487,121.9702,75.45,71,84,15.59
528,Agudos,BR,2022-02-02 22:17:19,-22.4692,-48.9875,71.85,99,100,4.61
529,Zhigansk,RU,2022-02-02 22:13:10,66.7697,123.3711,-12.3,99,100,6.71
530,San Andres,CO,2022-02-02 22:17:20,12.5847,-81.7006,82.42,69,20,11.5
531,Caramay,PH,2022-02-02 22:17:20,10.1815,119.236,77.99,87,100,8.03
532,Nabire,ID,2022-02-02 22:14:26,-3.3667,135.4833,75.58,89,100,2.73
533,Rehoboth,NA,2022-02-02 22:17:20,-23.3167,17.0833,70.54,41,10,10.63
534,Pisco,PE,2022-02-02 22:17:21,-13.7,-76.2167,77.05,57,0,20.71
535,Atascocita,US,2022-02-02 22:17:21,29.9988,-95.1766,74.28,81,100,1.99
